,t,distance,speed,kinetic energy,momentum
0,0.04,0.0,0.0,0.0,0.0
1,0.08,13.60269580052637,35.314093684021785,731.102304,35.314093684021785
2,0.12,12.60291242987088,31.650173997438074,637.355232,31.650173997438074
3,0.16,13.239998139899223,34.42423649023425,706.16,34.42423649023425
4,0.2,12.415375933183823,31.50508577824017,629.785216,31.50508577824017
5,0.24,12.784964307751384,36.152278319043226,781.010496,36.152278319043226
6,0.28,12.588401983962363,32.06481847336424,648.737952,32.06481847336424
7,0.32,11.9903436320072,29.328037285282356,609.8986560000001,29.328037285282356
8,0.36,12.577397712020165,30.970241012843786,595.5919040000001,30.970241012843786
9,0.4,12.43074601233439,37.42106530535689,804.924704,37.42106530535689
10,0.44,12.448193137781594,29.519135450378293,616.668096,29.519135450378293
11,0.48,12.547003856925201,33.69944041463026,683.0831360000001,33.69944041463026
12,0.52,12.307620059641906,29.37744092118848,536.147104,29.37744092118848
13,0.56,12.94018706624993,35.52181244564926,778.5678720000001,35.52181244564926
14,0.6,12.400420694500578,33.60487204010335,737.032576,33.60487204010335
15,0.64,12.271946044119945,33.89566051021751,675.0570879999999,33.89566051021751
16,0.68,12.931141436381948,28.362415764301186,545.4922240000001,28.362415764301186
17,0.72,12.629056989484656,34.64257853003484,705.939232,34.64257853003484
18,0.76,12.738355885679717,28.761194975699574,493.26991999999996,28.761194975699574
19,0.8,12.412175987340149,33.95210377946682,680.6264639999999,33.95210377946682
20,0.84,12.526002807571873,36.803230403381065,848.9022719999999,36.803230403381065
21,0.88,13.029311385804954,31.44663167969907,606.857984,31.44663167969907
22,0.92,12.114965001819856,34.37035565236035,676.4910079999999,34.37035565236035
23,0.96,13.04394745008616,31.65173857359498,664.0684480000001,31.65173857359498
24,1.0,12.973047955064104,30.960157348290114,638.9124479999999,30.960157348290114
25,1.04,12.219370377970106,29.777761974384525,571.443328,29.777761974384525
26,1.08,12.347090364969281,33.7181578375911,671.57152,33.7181578375911
27,1.12,12.375441737155473,33.49175936139256,752.342592,33.49175936139256
28,1.16,12.013976271725687,29.69485132737577,575.138368,29.69485132737577
29,1.2,11.353510922176788,32.75537150622117,663.8583360000001,32.75537150622117
30,1.24,11.724718080655245,27.701926381330345,549.983872,27.701926381330345
31,1.28,11.340775613847164,30.225048688394203,584.69456,30.225048688394203
32,1.32,11.53092646455042,31.08410924962297,636.6600960000001,31.08410924962297
33,1.36,11.438185072067645,32.690500125804945,646.140672,32.690500125804945
34,1.4,12.048057641823593,26.925198647737925,481.72454400000004,26.925198647737925
35,1.44,11.476401032593378,28.28068972235676,504.0501759999999,28.28068972235676
36,1.48,11.927520836387554,35.8137017707784,736.5820479999999,35.8137017707784
37,1.52,10.515702020368087,27.646149538632436,526.894944,27.646149538632436
38,1.56,11.392157528783459,35.34069938912623,784.222176,35.34069938912623
39,1.6,11.132378289797009,34.21973269549438,726.16944,34.21973269549438
40,1.64,12.079872914761351,29.671216607085643,584.871232,29.671216607085643
41,1.68,11.026876565483887,26.995295421156744,508.108992,26.995295421156744
42,1.72,10.97313553730635,27.7343327193028,552.022368,27.7343327193028
43,1.76,10.633955735847591,31.26315055459999,589.408192,31.26315055459999
44,1.8,10.328775048918205,33.01764938331356,670.031456,33.01764938331356
45,1.84,9.404381049130123,28.91182308254102,539.1632320000001,28.91182308254102
46,1.88,10.903003986595845,33.34301153361838,700.48336,33.34301153361838
47,1.92,10.117675123680227,31.81654445448891,667.2337600000001,31.81654445448891
48,1.96,9.821932471101418,25.690015261248877,486.0855680000001,25.690015261248877
49,2.0,10.013146566012107,31.688891093063862,619.975168,31.688891093063862
50,2.04,10.555940874149861,24.96342117106246,484.80432,24.96342117106246
51,2.08,10.510180037498369,32.32141629141538,596.46128,32.32141629141538
52,2.12,10.209377982563081,31.21094421711106,585.7095039999999,31.21094421711106
53,2.16,10.368522905578297,26.613465786416977,484.69308800000005,26.613465786416977
54,2.2,10.349957066460792,31.677856063610935,619.65504,31.677856063610935
55,2.24,10.7359402646651,27.867358222880117,502.83427200000006,27.867358222880117
56,2.28,10.80245456752271,28.171698717777353,506.456544,28.171698717777353
57,2.32,10.949804542095917,30.65559969406356,594.211328,30.65559969406356
58,2.36,10.772911140842725,31.14568346200118,584.2776,31.14568346200118
59,2.4,11.108827290858123,25.89698723226429,469.79289599999987,25.89698723226429
60,2.44,10.771700172072405,28.96741782316055,519.058592,28.96741782316055
61,2.48,10.65821383134198,33.41314450132415,664.318624,33.41314450132415
62,2.52,11.391258721551548,29.42618176428155,521.980192,29.42618176428155
63,2.56,11.67743290519686,25.200768786332787,405.822016,25.200768786332787
64,2.6,11.560282824154136,30.709312795404145,625.3982080000001,30.709312795404145
65,2.64,12.104719061527364,27.496463680569633,497.64444799999995,27.496463680569633
66,2.68,11.645170316058024,29.446159835643208,561.061696,29.446159835643208
67,2.72,12.034990216688632,31.207006853958887,631.291968,31.207006853958887
68,2.76,11.457402342439392,30.18996757817121,637.335584,30.18996757817121
69,2.8,12.072806072261185,24.601025136504777,409.05043200000006,24.601025136504777
70,2.84,11.920451247756505,25.678348871752508,461.201504,25.678348871752508
71,2.88,11.765875430474217,26.84143221358245,468.59881600000006,26.84143221358245
72,2.92,12.191264871041144,33.00844698074716,683.111552,33.00844698074716
73,2.96,10.338515813141116,30.387625910506664,583.185088,30.387625910506664
74,3.0,10.541465409043584,30.720698621335814,624.736192,30.720698621335814
75,3.04,11.323894932299774,27.26685163849036,563.77056,27.26685163849036
76,3.08,11.39723187272173,24.672302523642838,427.77577600000006,24.672302523642838
77,3.12,11.010866445717712,31.899510902594486,687.4976000000001,31.899510902594486
78,3.16,11.321529723047366,25.52636149379756,435.45004800000004,25.52636149379756
79,3.2,10.72762773459223,30.045123289958248,584.833216,30.045123289958248
80,3.24,11.555836232337112,32.423578571297156,697.194752,32.423578571297156
81,3.28,11.732669060579667,24.87779891796356,474.0701120000001,24.87779891796356
82,3.32,10.994591051233213,28.516305507421126,550.696544,28.516305507421126
83,3.36,11.130761580075427,28.1097063529444,530.9697920000001,28.1097063529444
84,3.4,11.261388621936108,31.131045286878948,619.2979520000001,31.131045286878948
85,3.44,11.114236053274924,25.600652213613277,451.7945919999999,25.600652213613277
86,3.48,11.198349926479935,33.99952040775477,712.7409280000002,33.99952040775477
87,3.52,11.573962873669272,28.279358900334127,555.138176,28.279358900334127
88,3.56,10.93072956361961,24.42645707951116,404.632832,24.42645707951116
89,3.6,11.90373598278747,28.890028029662794,517.47536,28.890028029662794
90,3.64,11.131331815119765,26.229764638046404,403.32835199999994,26.229764638046404
91,3.68,10.22888486826175,27.574008354184308,506.46009599999996,27.574008354184308
92,3.72,10.45195092843978,24.14265688275755,472.15712,24.14265688275755
93,3.76,10.417603558164853,28.17222896262993,513.1335039999999,28.17222896262993
94,3.8,10.827675202606931,26.136322515426592,440.90175999999997,26.136322515426592
95,3.84,11.128240205336136,28.35604780951518,509.006208,28.35604780951518
96,3.88,11.308465026840475,33.239785103558056,658.840288,33.239785103558056
97,3.92,10.743189464650557,29.74412868802072,622.101472,29.74412868802072
98,3.96,11.196061093934992,26.19235113085223,448.28352,26.19235113085223
99,4.0,10.815861858247764,27.920930389647857,500.99343999999996,27.920930389647857
100,4.04,11.219249161597412,29.031985764369225,552.6026239999999,29.031985764369225
101,4.08,11.574528985925797,27.561471075754024,533.8856000000001,27.561471075754024
102,4.12,11.13559948947421,34.15874028738212,718.017536,34.15874028738212
103,4.16,11.286794530885246,24.67251938566843,392.3144960000001,24.67251938566843
104,4.2,11.5655199990932,27.40313169577447,501.55532800000003,27.40313169577447
105,4.24,10.695724982721003,27.851425306285044,495.19465599999995,27.851425306285044
106,4.28,10.964087793694905,32.680486771584555,622.576832,32.680486771584555
107,4.32,10.432009803927103,26.03620717354002,446.26105599999994,26.03620717354002
108,4.36,11.080556346297383,28.93326728392316,543.3974400000001,28.93326728392316
109,4.4,10.623428145775012,29.934681722499672,573.6621439999999,29.934681722499672
110,4.44,10.580270618647837,30.346050542122324,542.639936,30.346050542122324
111,4.48,10.70756428974103,31.25409269195844,618.718176,31.25409269195844
112,4.52,9.884619135233049,26.026491762534082,468.2850880000001,26.026491762534082
113,4.56,11.06734344988982,32.45724896343388,634.154464,32.45724896343388
114,4.6,10.624189033396027,34.377880232364184,736.7317119999998,34.377880232364184
115,4.64,10.36247146112393,33.22458820072199,651.4988159999999,33.22458820072199
116,4.68,10.613869610300064,26.19366331156066,437.1690879999999,26.19366331156066
117,4.72,10.085698091673567,32.07303329182551,636.174176,32.07303329182551
118,4.76,10.31228303258024,35.88372090300005,723.881984,35.88372090300005
119,4.8,10.356046649047782,22.614653489281512,397.337632,22.614653489281512
120,4.84,11.195306383019267,29.09370847787488,569.983712,29.09370847787488
121,4.88,10.813742591030008,35.854347005141584,768.037824,35.854347005141584
122,4.92,11.123514532565117,35.4174104268043,743.5165760000001,35.4174104268043
123,4.96,10.942626672549487,31.591560143834027,612.728,31.591560143834027
124,5.0,10.926884855061417,33.86766500420542,723.591872,33.86766500420542
125,5.04,10.957453167806937,30.327047246158145,622.4736640000001,30.327047246158145
126,5.08,10.81572564738857,31.570430135154744,644.2145599999999,31.570430135154744
127,5.12,10.875594310336476,30.76796229821434,555.2610239999999,30.76796229821434
128,5.16,11.434781304985172,31.489301990401426,661.449984,31.489301990401426
129,5.2,11.140668687444874,32.90264934421621,710.6420479999999,32.90264934421621
130,5.24,11.073137609200211,30.281499291557306,578.21728,30.281499291557306
131,5.28,10.244936384792377,31.1635578116373,625.150112,31.1635578116373
132,5.32,10.498118786834432,36.9254188308075,804.6868159999999,36.9254188308075
133,5.36,10.327976390389303,31.2746189981138,615.888448,31.2746189981138
134,5.4,9.71045132836522,27.710291058536374,467.68835199999995,27.710291058536374
135,5.44,10.341086264797498,36.98512935998413,873.197408,36.98512935998413
136,5.48,10.209018352576996,30.756437103613703,644.003104,30.756437103613703
137,5.52,10.190773533267416,37.55809663213755,830.0235519999999,37.55809663213755
138,5.56,9.981233529604047,32.003752193241105,676.773568,32.003752193241105
139,5.6,10.219205540391417,31.572853341648578,671.454272,31.572853341648578
140,5.64,10.232686764422409,36.26846494528966,803.3733440000001,36.26846494528966
141,5.68,9.6788133705972,37.14127996022743,860.724032,37.14127996022743
142,5.72,10.365056109097713,29.695337774154513,578.4253760000001,29.695337774154513
143,5.76,9.765842911043183,37.47661180447466,858.1266239999999,37.47661180447466
144,5.8,10.675073365531794,30.389799597279758,574.519904,30.389799597279758
145,5.84,10.064932818927176,33.11573216294926,714.4772800000001,33.11573216294926
146,5.88,9.707214663558839,31.977135869961536,632.3333759999999,31.977135869961536
147,5.92,9.907360945374187,35.45567530152839,787.60464,35.45567530152839
148,5.96,9.433784060151739,24.36986842088046,390.4281279999999,24.36986842088046
149,6.0,9.645482645796358,33.54204937122437,677.5220799999998,33.54204937122437
150,6.04,9.939165740668303,28.920506134575348,540.418112,28.920506134575348
151,6.08,9.862706012843523,35.01289299999884,836.2664,35.01289299999884
152,6.12,9.47767911253284,32.39366054739794,673.2151999999999,32.39366054739794
153,6.16,9.107782145614404,37.01417293520559,798.0114240000001,37.01417293520559
154,6.2,9.922381919065634,39.981914418065436,955.21744,39.981914418065436
155,6.24,9.315335443127731,29.61808974565097,599.402432,29.61808974565097
156,6.28,9.510081416491861,35.735557416157725,790.172288,35.735557416157725
157,6.32,9.676943615473139,32.7874311575216,685.276448,32.7874311575216
158,6.36,9.418489097302034,30.967608958041072,578.3154559999999,30.967608958041072
159,6.4,9.998036447254638,36.538780185819135,824.021984,36.538780185819135
160,6.44,10.049711702982151,39.10870667413232,891.491232,39.10870667413232
161,6.48,9.269365864778774,35.631861178007604,766.750784,35.631861178007604
162,6.52,10.121756823104194,32.173892097518234,674.6556159999999,32.173892097518234
163,6.56,9.997695547929906,30.707717598027056,610.859328,30.707717598027056
164,6.6,10.26785525824642,35.69787491319775,788.1443199999999,35.69787491319775
165,6.64,10.721189008480996,31.251891271949084,604.887168,31.251891271949084
166,6.68,10.486107925673794,34.13389907322343,682.502592,34.13389907322343
167,6.72,10.24827239136883,32.08867491984144,644.0378880000001,32.08867491984144
168,6.76,10.526831358739287,37.47231542942852,854.7683840000001,37.47231542942852
169,6.8,10.844671673806827,32.68276628082171,717.2207359999999,32.68276628082171
170,6.84,10.55092271872813,30.284250316076523,608.993568,30.284250316076523
171,6.88,10.832670772555481,32.79453900293983,670.7607680000001,32.79453900293983
172,6.92,10.480913756950153,29.07328039873575,569.138976,29.07328039873575
173,6.96,10.8595877151774,35.84297712613634,777.733408,35.84297712613634
174,7.0,10.514195237504442,31.091752043292512,669.643264,31.091752043292512
175,7.04,10.67306242169776,29.881550701214856,572.859552,29.881550701214856
176,7.08,10.555023056480103,34.99704570172376,780.851936,34.99704570172376
177,7.12,10.059056831365496,30.15015129488123,613.5028799999999,30.15015129488123
178,7.16,10.300189456953726,30.80182179423581,617.312544,30.80182179423581
179,7.2,9.879640239279604,35.166956075426945,752.120832,35.166956075426945
180,7.24,10.28738684456551,33.41506058692847,770.7607359999998,33.41506058692847
181,7.28,10.89649574849848,35.27115763738427,782.3640640000001,35.27115763738427
182,7.32,11.09983322546134,30.646521750690344,551.750592,30.646521750690344
183,7.36,10.77468507836743,29.21441605274302,601.229792,29.21441605274302
184,7.4,10.812464671816992,35.08206829144306,693.0587840000001,35.08206829144306
185,7.44,11.15641052978467,29.948810154058123,616.23344,29.948810154058123
186,7.48,10.376780825719411,30.09475713276904,569.428544,30.09475713276904
187,7.52,11.121628443281807,35.645453150102306,807.7988799999999,35.645453150102306
188,7.56,10.611282213440905,25.97031244360374,496.6207680000001,25.97031244360374
189,7.6,10.857545881004063,28.733997565604927,511.95491200000004,28.733997565604927
190,7.64,11.248175548806579,28.815396230411512,566.4998079999999,28.815396230411512
191,7.68,11.104609693283292,28.383627204020783,494.77209600000003,28.383627204020783
192,7.72,11.680549464179924,32.87363472434243,677.9662400000001,32.87363472434243
193,7.76,11.203116625565702,28.121731045252726,479.84691200000003,28.121731045252726
194,7.8,11.271460045970107,30.27449444895459,599.576896,30.27449444895459
195,7.84,11.490195437863541,35.96585497924634,749.7512320000001,35.96585497924634
196,7.88,10.946367129837306,31.65617861281412,643.537856,31.65617861281412
197,7.92,11.364840903777138,22.865254967107525,396.17164800000006,22.865254967107525
198,7.96,11.452681202310933,27.108150398612906,513.033728,27.108150398612906
199,8.0,11.54223052451619,23.040917943432706,397.26758400000006,23.040917943432706
200,8.04,11.349383519284956,30.21976158003065,558.861472,30.21976158003065
201,8.08,10.927491976343836,32.247433096530955,575.3888320000001,32.247433096530955
202,8.12,11.729999992055356,27.508802949766824,509.729216,27.508802949766824
203,8.16,11.196357717905155,32.14029114839128,651.1010559999999,32.14029114839128
204,8.2,11.557250357003545,31.826731707116732,617.0812799999999,31.826731707116732
205,8.24,11.610436105020076,32.39330046399923,615.8510719999999,32.39330046399923
206,8.28,11.473163921069014,24.79481857930158,418.21536,24.79481857930158
207,8.32,11.636707080571302,28.60604270186925,519.591872,28.60604270186925
208,8.36,11.429740626025804,29.035629219459043,510.4495359999999,29.035629219459043
209,8.4,11.143064053669882,29.73031673323412,566.48048,29.73031673323412
210,8.44,11.160765859976609,36.37023381399681,790.2906879999999,36.37023381399681
211,8.48,11.710957114824796,29.7524579654734,565.9652800000001,29.7524579654734
212,8.52,11.00654657976758,30.30795129749165,580.503776,30.30795129749165
213,8.56,11.229171209893025,29.042720665498795,543.38256,29.042720665498795
214,8.6,11.064806431345026,24.82933397906728,443.0910400000001,24.82933397906728
215,8.64,11.302720386918677,30.891775200119046,624.0920000000001,30.891775200119046
216,8.68,11.237090107277911,32.4346123438776,625.76608,32.4346123438776
217,8.72,11.236563401694712,32.385851873774165,663.1486080000001,32.385851873774165
218,8.76,11.463625950754924,28.28355316431994,560.04,28.28355316431994
219,8.8,10.525806478277314,35.04839394082083,729.7224000000001,35.04839394082083
220,8.84,10.916037472518347,30.666999842835395,650.23888,30.666999842835395
221,8.88,10.884453078341354,36.00430785697865,747.2296000000002,36.00430785697865
222,8.92,11.101319750389433,36.510950190911856,770.019328,36.510950190911856
223,8.96,11.239358896315721,34.22385608636199,700.7694720000001,34.22385608636199
224,9.0,10.793527545474037,33.86558336567067,745.435168,33.86558336567067
225,9.04,10.484660267930035,30.230467061469785,575.0940159999999,30.230467061469785
226,9.08,11.553773948273822,30.85617457559884,648.369056,30.85617457559884
227,9.12,11.558323612449216,34.617088869780794,711.984768,34.617088869780794
228,9.16,11.423980718706355,33.550164158944604,684.2971519999999,33.550164158944604
229,9.2,11.472290380797942,23.102633432380088,367.63632000000007,23.102633432380088
230,9.24,11.626780703155985,27.51034252908962,593.3535999999999,27.51034252908962
231,9.28,12.271568717009291,30.59908889915739,655.157152,30.59908889915739
232,9.32,11.743249030851002,28.992033498724613,548.52736,28.992033498724613
233,9.36,11.551049496471673,32.59405525857889,670.688928,32.59405525857889
234,9.4,11.550853007483123,31.9781045478229,657.54224,31.9781045478229
235,9.44,10.844500742386622,34.624972722060946,723.199648,34.624972722060946
236,9.48,11.27860016317115,35.66469090263874,781.5976,35.66469090263874
237,9.52,11.385914988053855,32.875836095937935,672.6246399999999,32.875836095937935
238,9.56,11.859449000909558,32.8368564819684,679.900768,32.8368564819684
239,9.6,11.6538897080311,32.989737190930306,656.7533440000001,32.989737190930306
240,9.64,11.522176541569998,37.70926193236851,852.3022720000001,37.70926193236851
241,9.68,12.014418785157838,32.50534371715163,701.6236480000001,32.50534371715163
242,9.72,11.113595219690687,29.613045161709287,555.4367040000001,29.613045161709287
243,9.76,12.241918399333128,30.852466908089024,641.3259840000001,30.852466908089024
244,9.8,11.92074847381927,36.42869371697374,806.1288639999999,36.42869371697374
245,9.84,11.578942853184834,38.68435361408878,901.388672,38.68435361408878
246,9.88,12.402751477126168,31.762163992116506,663.4595519999999,31.762163992116506
247,9.92,12.013438290189601,35.40124187552832,801.5848639999999,35.40124187552832
248,9.96,12.34867899288613,32.33754433386547,670.524288,32.33754433386547
249,10.0,11.794043357273,35.37229471128288,809.741024,35.37229471128288
250,10.04,12.39686035281526,34.508992950443684,691.5160000000001,34.508992950443684
251,10.08,12.205651611802743,39.228513265949324,879.8681599999999,39.228513265949324
252,10.12,12.298746266642526,32.49335575559513,713.896256,32.49335575559513
253,10.16,12.702982770041894,26.3439699907682,481.81696000000005,26.3439699907682
254,10.2,11.95606471319119,32.067958820172414,660.335744,32.067958820172414
255,10.24,11.94365958360546,37.485833939782395,865.442944,37.485833939782395
256,10.28,12.451912523372163,31.745272549656057,678.852896,31.745272549656057
257,10.32,12.065577689575278,36.90372289577701,834.879008,36.90372289577701
258,10.36,12.430905926823883,31.51171777795108,650.3213119999999,31.51171777795108
259,10.4,12.217441852410854,34.00502266611715,759.40928,34.00502266611715
260,10.44,11.991228123203442,30.17110838292618,630.563008,30.17110838292618
261,10.48,12.02273529970636,33.92189941579111,752.783008,33.92189941579111
262,10.52,11.198833190756668,22.92650376720519,445.349856,22.92650376720519
263,10.56,11.20885936961198,35.93353050631154,820.145888,35.93353050631154
264,10.6,11.399784924123992,36.322672648272324,803.9442240000001,36.322672648272324
265,10.64,11.496359313846234,33.403838742080396,693.8477439999999,33.403838742080396
266,10.68,11.484992016860643,37.69217295731622,836.331136,37.69217295731622
267,10.72,11.214396105579421,42.366038605480064,1033.906176,42.366038605480064
268,10.76,11.621677864381272,35.78984634841195,805.7523519999999,35.78984634841195
269,10.8,11.378782283636742,36.04226403770707,796.2588799999999,36.04226403770707
270,10.84,11.310862992507488,35.134180911221286,758.616928,35.134180911221286
271,10.88,11.503532604255593,41.060213663052124,965.581216,41.060213663052124
272,10.92,11.261228538090688,33.12518004756291,722.083552,33.12518004756291
273,10.96,11.366165019216183,39.63370786806442,944.599424,39.63370786806442
274,11.0,11.321607676353882,33.9267880282707,707.8951359999999,33.9267880282707
275,11.04,11.292495159421515,31.237644979334647,586.742336,31.237644979334647
276,11.08,11.81468898519957,30.915151506803227,628.511968,30.915151506803227
277,11.12,12.10075826505085,34.838796569500985,780.21408,34.838796569500985
278,11.16,11.558106959454694,38.01518312688361,942.353792,38.01518312688361
279,11.2,11.711516737394977,32.388935336670826,657.6281280000002,32.388935336670826
280,11.24,11.748315852292054,31.988485736824703,663.9437439999998,31.988485736824703
281,11.28,11.778564821477303,34.36679017578163,750.476256,34.36679017578163
282,11.32,11.625231088507219,30.510695741421685,580.3380159999999,30.510695741421685
283,11.36,11.946524691897324,35.98539504608084,763.9346879999998,35.98539504608084
284,11.4,12.602093152212651,30.68846825128162,663.360672,30.68846825128162
285,11.44,11.721465809103735,31.956615570421107,698.1807679999998,31.956615570421107
286,11.48,12.644037480029674,31.955256573832408,681.7568640000001,31.955256573832408
287,11.52,12.25796737273366,29.940162368775635,594.309472,29.940162368775635
288,11.56,11.686553011350306,33.1355078617072,677.036064,33.1355078617072
289,11.6,12.203789564374254,34.21225702268007,752.9784639999998,34.21225702268007
290,11.64,12.109788244188339,34.41345396988613,699.367776,34.41345396988613
291,11.68,12.130206076179858,32.025296449278116,597.634528,32.025296449278116
292,11.72,12.267495895291882,32.613831614225724,671.293536,32.613831614225724
293,11.76,12.01172416510204,35.633957812113884,756.256768,35.633957812113884
294,11.8,12.318989212867711,30.57037881854389,598.3909439999999,30.57037881854389
295,11.84,12.871974972373902,40.25988311852646,946.2133760000002,40.25988311852646
296,11.88,12.020881201229905,31.443915002494823,632.774752,31.443915002494823
297,11.92,12.532935264669407,31.349649362034107,684.7973440000001,31.349649362034107
298,11.96,12.47419544858405,33.56075360323764,796.7741760000001,33.56075360323764
299,12.0,11.334427070620485,31.646146807188103,621.969344,31.646146807188103
300,12.04,11.818896271995698,29.975916062341458,585.835776,29.975916062341458
301,12.08,12.130679844017273,33.551234254323184,672.7734399999998,33.551234254323184
302,12.12,12.346157039547691,33.46394144253049,746.1627520000001,33.46394144253049
303,12.16,12.439677062008405,34.09170699701774,708.6761600000001,34.09170699701774
304,12.2,12.360894259485882,31.566616367238183,635.994176,31.566616367238183
305,12.24,12.548150247726184,29.80439860699148,592.0143999999999,29.80439860699148
306,12.28,12.86898420347764,30.70348954039856,600.354112,30.70348954039856
307,12.32,12.730273319653143,30.441459835195683,578.4770239999999,30.441459835195683
308,12.36,13.604325711306794,30.1019934911081,566.343104,30.1019934911081
309,12.4,12.672769962789598,28.18063632077721,529.5861439999999,28.18063632077721
310,12.44,13.34825462084908,29.329252436649526,582.584576,29.329252436649526
311,12.48,13.251201558938904,32.490277822773876,610.066144,32.490277822773876
312,12.52,13.501320708532212,32.05166953116014,650.4636479999999,32.05166953116014
313,12.56,13.492922860138592,29.704738041640198,564.2453760000001,29.704738041640198
314,12.6,13.732957802892797,31.95772168527337,695.6032319999999,31.95772168527337
315,12.64,13.502853235380718,30.98629573792709,654.746208,30.98629573792709
316,12.68,13.162647851746069,34.92797813040224,702.0985280000001,34.92797813040224
317,12.72,13.594651780663634,34.795623321868995,726.612736,34.795623321868995
318,12.76,13.572868072787882,31.834364848993943,668.136192,31.834364848993943
319,12.8,13.393487384662006,34.93069332944976,757.2807999999999,34.93069332944976
320,12.84,12.66450650746182,36.73765276739728,832.79568,36.73765276739728
321,12.88,13.450085945567093,37.481250757276236,842.13456,37.481250757276236
322,12.92,13.48276613976432,31.80622338416777,613.6112639999999,31.80622338416777
323,12.96,13.647236538865977,30.89988743543257,638.141888,30.89988743543257
324,13.0,13.79694029996271,33.356515980580404,690.697824,33.356515980580404
325,13.04,13.054026724360257,42.1548161784113,1011.014368,42.1548161784113
326,13.08,14.140870188874235,36.22483525010259,829.299936,36.22483525010259
327,13.12,13.739590668856163,37.45680246070508,888.481888,37.45680246070508
328,13.16,14.359334241797994,35.439186153716776,754.0723839999998,35.439186153716776
329,13.2,13.360517677851528,38.21399795532663,858.677184,38.21399795532663
330,13.24,14.171909018057203,30.10875300226854,594.8331519999999,30.10875300226854
331,13.28,14.17578381542299,32.63385135475647,636.274752,32.63385135475647
332,13.32,14.1952087912984,35.205075184637714,770.236064,35.205075184637714
333,13.36,13.841465610795781,31.580264888692117,623.2569599999999,31.580264888692117
334,13.4,12.740041661796251,35.40341287118601,744.496064,35.40341287118601
335,13.44,13.282185206773633,34.7064737328454,804.5211519999998,34.7064737328454
336,13.48,13.30301031887146,30.523137266929435,607.3282879999999,30.523137266929435
337,13.52,13.723994549553089,32.59399983416408,664.095744,32.59399983416408
338,13.56,13.427753137745112,39.301678492239496,886.8040639999999,39.301678492239496
339,13.6,14.226914917627882,35.682605311787704,733.1721920000001,35.682605311787704
340,13.64,13.588134782597056,36.35733584608542,781.9209280000001,36.35733584608542
341,13.68,12.618758908667509,39.446702960432816,974.518272,39.446702960432816
342,13.72,13.699760945498706,35.43546402756738,816.331264,35.43546402756738
343,13.76,13.687884363256726,35.872112774474715,809.008672,35.872112774474715
344,13.8,13.514077327137047,34.47971210756637,762.7686080000001,34.47971210756637
345,13.84,13.24006109726549,30.414939558190753,575.47936,30.414939558190753
346,13.88,13.640379656812698,30.506635827076575,755.8592,30.506635827076575
347,13.92,13.31948572101918,36.56165305125336,817.3182079999999,36.56165305125336
348,13.96,13.457797618478072,31.907031067610674,685.2908480000001,31.907031067610674
349,14.0,13.119563507690334,33.99275714912544,773.389056,33.99275714912544
350,14.04,13.195593153664781,37.874414280426734,861.4340480000001,37.874414280426734
351,14.08,12.95311676499877,31.155773974752048,646.0114239999999,31.155773974752048
352,14.12,13.761127000594234,32.60471197166226,674.2860160000001,32.60471197166226
353,14.16,13.705682622282092,34.13979927801064,684.157408,34.13979927801064
354,14.2,13.448487734292655,33.01761799751487,686.9894720000001,33.01761799751487
355,14.24,13.677446506574118,36.848299072911495,893.0983679999999,36.848299072911495
356,14.28,13.765113649248974,34.05629246141693,718.609952,34.05629246141693
357,14.32,14.118724574026729,34.534296215471315,747.9859200000001,34.534296215471315
358,14.36,12.710736564785329,37.29551153819392,900.2105599999999,37.29551153819392
359,14.4,13.358585130410772,34.324057310018844,736.9999039999999,34.324057310018844
360,14.44,13.618987777012073,33.82828006459182,707.4609599999999,33.82828006459182
361,14.48,13.158278844324341,35.14564472249038,768.6574720000001,35.14564472249038
362,14.52,13.388762302333996,36.684438937642746,886.3848320000001,36.684438937642746
363,14.56,13.01253172665938,31.58361861850455,627.880896,31.58361861850455
364,14.6,13.781683586191326,30.430796332470464,621.984672,30.430796332470464
365,14.64,12.864341252626966,33.00822575567747,734.473824,33.00822575567747
366,14.68,13.936138070594076,29.19224695258312,586.223488,29.19224695258312
367,14.72,12.493572340173882,32.48625773579234,707.947712,32.48625773579234
368,14.76,13.529247171784657,31.209985581821922,613.4750720000001,31.209985581821922
369,14.8,13.369077917849026,33.82520904873314,810.4095680000001,33.82520904873314
370,14.84,13.1787178554769,35.05559985123054,798.7451199999999,35.05559985123054
371,14.88,12.896526068602256,31.57533543134916,682.7096,31.57533543134916
372,14.92,13.159927374863651,37.43051348057485,846.702304,37.43051348057485
373,14.96,13.283906840018517,30.535579156100525,580.592096,30.535579156100525
374,15.0,13.594659374425241,29.777220955761837,576.1744640000001,29.777220955761837
375,15.04,13.146460119334346,31.904575959568433,660.133984,31.904575959568433
376,15.08,12.914881704246206,36.91502169199542,795.7028880000001,36.91502169199542
377,15.12,12.38595778521096,31.79864664756821,688.33844,31.79864664756821
378,15.16,13.015359456815279,37.00286840023784,838.702944,37.00286840023784
379,15.2,12.865320011136362,36.883911512109236,849.6877759999999,36.883911512109236
380,15.24,12.171870544214048,33.178838668862156,684.072224,33.178838668862156
381,15.28,12.44727672736992,34.39109165491176,769.8168959999999,34.39109165491176
382,15.32,12.603661169344663,39.519628714167666,915.4793600000002,39.519628714167666
383,15.36,12.550107262155372,32.71918447973811,705.5808319999998,32.71918447973811
384,15.4,12.05056787956666,38.494224699107825,863.9565120000001,38.494224699107825
385,15.44,12.15900128604675,34.40067785577405,790.9531519999999,34.40067785577405
386,15.48,12.105601375275878,38.66466910680631,921.467776,38.66466910680631
387,15.52,12.126524484170613,32.821117521063535,659.3870399999998,32.821117521063535
388,15.56,11.949102473345617,30.50411428090136,718.480064,30.50411428090136
389,15.6,11.723489816082528,36.21562462457421,835.637536,36.21562462457421
390,15.64,11.752327822756657,28.732212698782636,573.7479360000001,28.732212698782636
391,15.68,11.645895719737032,28.149557111462535,594.64096,28.149557111462535
392,15.72,11.03560368334797,28.62742227703892,608.42448,28.62742227703892
393,15.76,11.557048384699451,33.398164373868056,768.92192,33.398164373868056
394,15.8,12.052131897091767,37.87555005823801,840.742496,37.87555005823801
395,15.84,10.91750812114461,33.755509691249856,754.6393600000001,33.755509691249856
396,15.88,12.005285103858537,31.778718955132398,690.896832,31.778718955132398
397,15.92,11.737125792155444,33.13658253140622,734.7129279999999,33.13658253140622
398,15.96,11.354273729892896,35.01956442048888,795.2885120000001,35.01956442048888
399,16.0,12.024608124607434,36.546714452387235,849.083296,36.546714452387235
