,x,y,delta_x,delta_y,distances,speed,energy,momentum
0,691.0,506.0,0.0,0.0,0.0,0.0,0.0,0.0
1,683.0,498.0,-325.0,-22.0,21.840329667841555,13.029750573207455,84.88719999999999,13.029750573207455
2,979.0,1797.0,-492.0,911.0,20.8806130178211,41.41468338645123,857.5879999999997,41.41468338645123
3,1866.0,1641.0,460.0,253.0,9.899494936611665,20.999390467344526,220.48720000000006,20.999390467344526
4,534.0,1572.0,-404.0,-219.0,18.35755975068582,18.381599495147313,168.94159999999997,18.381599495147313
5,1798.0,1215.0,251.0,1405.0,10.0,57.08976790984528,1629.6208,57.08976790984528
6,1184.0,583.0,-262.0,-1421.0,12.041594578792296,57.79806225125545,1670.3080000000002,57.79806225125545
7,1373.0,968.0,397.0,-355.0,3.1622776601683795,21.302919987644888,226.90720000000005,21.302919987644888
8,1260.0,1328.0,594.0,-557.0,1.4142135623730951,32.57201252609363,530.4680000000002,32.57201252609363
9,800.0,934.0,6.0,12.0,13.416407864998739,0.5366563145999496,0.14400000000000002,0.5366563145999496
10,1134.0,425.0,-175.0,3.0,12.529964086141668,7.00102849587116,24.507199999999997,7.00102849587116
11,1867.0,1802.0,-1067.0,92.0,12.041594578792296,42.83835664448393,917.5624000000003,42.83835664448393
12,1855.0,1802.0,-61.0,317.0,6.4031242374328485,12.91262947660158,83.368,12.91262947660158
13,1391.0,698.0,-212.0,94.0,7.615773105863909,9.276206121038925,43.02400000000001,9.276206121038925
14,1900.0,1241.0,-198.0,-178.0,11.180339887498949,10.649920187494365,56.7104,10.649920187494365
15,688.0,878.0,-518.0,-33.0,9.433981132056603,20.76200375686316,215.53039999999996,20.76200375686316
16,1485.0,371.0,39.0,-857.0,5.0,34.315477557510405,588.7760000000002,34.315477557510405
17,1314.0,1287.0,831.0,45.0,15.132745950421556,33.28870078570205,554.0688000000001,33.28870078570205
18,1934.0,1245.0,-1372.0,-264.0,10.04987562112089,55.886742613968835,1561.664,55.886742613968835
19,669.0,1207.0,822.0,-1162.0,9.486832980505138,56.93403902763267,1620.7424,56.93403902763267
20,1944.0,1246.0,114.0,-1498.0,10.770329614269007,60.09326085344346,1805.6000000000001,60.09326085344346
21,660.0,1569.0,622.0,112.0,15.264337522473747,25.28012658196157,319.54240000000004,25.28012658196157
22,1896.0,1369.0,234.0,-41.0,7.0,9.502589120865956,45.14960000000001,9.502589120865956
23,1961.0,1245.0,137.0,-98.0,12.041594578792296,6.7377147461138485,22.6984,6.7377147461138485
24,1124.0,1866.0,-129.0,-623.0,13.038404810405298,25.448614893545777,323.816,25.448614893545777
25,1133.0,1874.0,692.0,475.0,23.706539182259394,33.5735371982161,563.5912000000002,33.5735371982161
26,562.0,1172.0,-71.0,-328.0,33.28663395418648,13.423859355639868,90.10000000000001,13.423859355639868
27,1909.0,1368.0,-840.0,646.0,19.235384061671343,42.38709237491999,898.3328,42.38709237491999
28,538.0,1159.0,-737.0,56.0,11.40175425099138,29.564979282928643,437.0439999999999,29.564979282928643
29,949.0,1249.0,-46.0,-406.0,30.083217912982647,16.34390406237139,133.56160000000003,16.34390406237139
30,523.0,1147.0,-707.0,868.0,4.47213595499958,44.7798704777046,1002.6184,44.7798704777046
31,1183.0,1879.0,1017.0,135.0,22.80350850198276,41.03684198375893,842.0111999999999,41.03684198375893
32,1510.0,1844.0,-486.0,-296.0,11.40175425099138,22.761792548039796,259.0496,22.761792548039796
33,1640.0,1300.0,1158.0,13.0,9.219544457292887,46.32291873360313,1072.9064,46.32291873360313
34,970.0,1888.0,-269.0,353.0,15.297058540778355,17.752520947741477,157.57599999999996,17.752520947741477
35,935.0,810.0,331.0,328.0,8.602325267042627,18.639527891016982,173.71599999999998,18.639527891016982
36,2090.0,1482.0,333.0,-698.0,22.80350850198276,30.934589054972108,478.47440000000006,30.934589054972108
37,679.0,1622.0,775.0,-269.0,6.082762530298219,32.81428957024668,538.3888,32.81428957024668
38,991.0,1886.0,-951.0,-448.0,7.0710678118654755,42.04958977207744,884.0839999999998,42.04958977207744
39,1261.0,742.0,767.0,426.0,8.246211251235321,35.09450099374545,615.8120000000001,35.09450099374545
40,598.0,1461.0,-439.0,301.0,9.219544457292887,21.291200060118737,226.65760000000006,21.291200060118737
41,1740.0,1571.0,-8.0,2.0,8.246211251235321,0.3298484500494128,0.05439999999999999,0.3298484500494128
42,467.0,978.0,733.0,365.0,18.35755975068582,32.75396769858577,536.4111999999999,32.75396769858577
43,578.0,1315.0,1424.0,248.0,11.40175425099138,57.81736763291805,1671.4239999999998,57.81736763291805
44,589.0,1317.0,373.0,-287.0,8.0,18.82542960997172,177.19840000000002,18.82542960997172
45,1271.0,1807.0,434.0,578.0,4.242640687119285,28.91200442722711,417.952,28.91200442722711
46,1963.0,1100.0,-2.0,-636.0,19.924858845171276,25.44012578585255,323.59999999999997,25.44012578585255
47,706.0,1384.0,-257.0,-397.0,2.8284271247461903,18.9169976476184,178.9264,18.9169976476184
48,1391.0,1319.0,198.0,-576.0,13.416407864998739,24.36325101459163,296.78400000000005,24.36325101459163
49,1161.0,907.0,575.0,861.0,5.0990195135927845,41.41393002360438,857.5568000000001,41.41393002360438
50,584.0,1099.0,435.0,-487.0,11.661903789690601,26.119540577889193,341.1152000000001,26.119540577889193
51,502.0,1301.0,800.0,112.0,18.027756377319946,32.312078237092706,522.0352,32.312078237092706
52,1132.0,952.0,392.0,503.0,3.1622776601683795,25.508367254687236,325.33840000000004,25.508367254687236
53,1036.0,1508.0,-79.0,-231.0,10.295630140987,9.765408337596538,47.68159999999999,9.765408337596538
54,1333.0,1854.0,69.0,-413.0,12.041594578792296,16.748970117592304,140.26399999999998,16.748970117592304
55,655.0,960.0,-57.0,-640.0,14.317821063276353,25.70133070484873,330.27920000000006,25.70133070484873
56,1953.0,962.0,335.0,545.0,5.0990195135927845,25.58906016249913,327.40000000000003,25.58906016249913
57,1743.0,1734.0,-505.0,-799.0,11.313708498984761,37.80848581998491,714.7408,37.80848581998491
58,661.0,812.0,65.0,-252.0,12.36931687685298,10.409918347422327,54.18319999999999,10.409918347422327
59,554.0,968.0,-118.0,-720.0,14.7648230602334,29.184214911489395,425.8592,29.184214911489395
60,564.0,1824.0,-568.0,-167.0,23.853720883753127,23.68165534754697,280.41040000000004,23.68165534754697
61,1670.0,1788.0,7.0,12.0,13.892443989449804,0.5556977595779922,0.15439999999999998,0.5556977595779922
62,1202.0,1819.0,-75.0,-1071.0,1.0,42.94491355213095,922.1328000000002,42.94491355213095
63,1337.0,1765.0,-43.0,293.0,8.246211251235321,11.845539244795907,70.15839999999999,11.845539244795907
64,1255.0,444.0,-2.0,-4.0,4.47213595499958,0.17888543819998318,0.016,0.17888543819998318
65,610.0,692.0,1376.0,114.0,18.788294228055936,55.22857231542383,1525.0975999999998,55.22857231542383
66,601.0,675.0,-21.0,909.0,2.0,36.369701675982995,661.3776000000001,36.369701675982995
67,2005.0,793.0,174.0,1064.0,7.0710678118654755,43.125342897187494,929.8975999999999,43.125342897187494
68,586.0,638.0,283.0,-305.0,5.830951894845301,16.64278822793825,138.49120000000002,16.64278822793825
69,602.0,1450.0,503.0,-189.0,10.63014581273465,21.493440859946087,230.984,21.493440859946087
70,856.0,1656.0,204.0,-208.0,10.295630140987,11.653668950163292,67.904,11.653668950163292
71,1162.0,1306.0,-243.0,82.0,4.123105625617661,10.258498915533403,52.61840000000001,10.258498915533403
72,1290.0,754.0,-21.0,1090.0,8.0,43.60809099238352,950.8328000000002,43.60809099238352
73,1470.0,1573.0,-687.0,-32.0,5.0,27.509794619371476,378.3943999999999,27.509794619371476
74,866.0,1687.0,78.0,138.0,21.02379604162864,6.340725510538995,20.1024,6.340725510538995
75,547.0,552.0,424.0,-46.0,10.295630140987,17.05951933672224,145.5136,17.05951933672224
76,1134.0,1767.0,92.0,1061.0,12.529964086141668,42.599248819668176,907.3480000000003,42.599248819668176
77,984.0,1892.0,-272.0,91.0,8.06225774829855,11.472750324137627,65.81200000000001,11.472750324137627
78,1386.0,1800.0,302.0,-69.0,6.324555320336759,12.391287261620562,76.772,12.391287261620562
79,1119.0,1601.0,-231.0,-1029.0,22.20360331117452,42.18439521908545,889.7615999999998,42.18439521908545
80,966.0,1206.0,369.0,876.0,3.0,38.02182531126037,722.8295999999999,38.02182531126037
81,716.0,1213.0,718.0,1179.0,12.083045973594572,55.21688147659192,1524.452,55.21688147659192
82,1261.0,1579.0,-276.0,436.0,17.204650534085253,20.640620145722366,213.0176,20.640620145722366
83,1248.0,623.0,-74.0,248.0,15.0,10.352197834276547,53.58400000000001,10.352197834276547
84,869.0,864.0,-704.0,244.0,16.278820596099706,29.80340920096223,444.1216,29.80340920096223
85,608.0,384.0,472.0,-799.0,17.4928556845359,37.12002155171788,688.9480000000001,37.12002155171788
86,1140.0,786.0,-68.0,997.0,14.142135623730951,39.972650650163295,798.9064000000001,39.972650650163295
87,899.0,1422.0,-201.0,141.0,14.212670403551895,9.820957183492858,48.225599999999986,9.820957183492858
88,634.0,380.0,1.0,-217.0,10.198039027185569,8.680092165409306,37.672000000000004,8.680092165409306
89,502.0,919.0,-1273.0,1232.0,18.439088914585774,70.86158903101172,2510.6824,70.86158903101172
90,1449.0,840.0,-236.0,360.0,18.24828759089466,17.21840875342434,148.2368,17.21840875342434
91,659.0,381.0,218.0,291.0,18.601075237738275,14.544002200219857,105.76400000000002,14.544002200219857
92,1241.0,699.0,516.0,404.0,6.0,26.21364530163632,343.57759999999996,26.21364530163632
93,1048.0,1564.0,-146.0,1254.0,7.615773105863909,50.49882374867755,1275.0656,50.49882374867755
94,677.0,388.0,268.0,-210.0,9.219544457292887,13.619045487845321,92.7392,13.619045487845321
95,912.0,1786.0,-11.0,-367.0,8.54400374531753,14.686592525157087,107.84800000000001,14.686592525157087
96,805.0,1893.0,69.0,-877.0,7.615773105863909,35.18840718191149,619.112,35.18840718191149
97,1830.0,559.0,-739.0,882.0,11.045361017187261,46.02686172225954,1059.236,46.02686172225954
98,1001.0,1899.0,-824.0,294.0,18.439088914585774,34.9951310899102,612.3295999999998,34.9951310899102
99,852.0,1365.0,109.0,-630.0,20.8806130178211,25.574393443442606,327.0248000000001,25.574393443442606
100,958.0,1532.0,433.0,-157.0,6.4031242374328485,18.423376454928125,169.7104,18.423376454928125
101,1025.0,1890.0,-410.0,552.0,16.1245154965971,27.504297845973092,378.2432,27.504297845973092
102,1291.0,674.0,-60.0,715.0,13.038404810405298,28.700522643324806,411.85999999999996,28.700522643324806
103,505.0,882.0,-975.0,184.0,17.88854381999832,39.68840636760312,787.5848,39.68840636760312
104,657.0,1897.0,-181.0,412.0,13.341664064126334,18.000222220850496,162.004,18.000222220850496
105,840.0,1822.0,304.0,210.0,9.055385138137417,14.779228667288425,109.2128,14.779228667288425
106,1058.0,870.0,-1274.0,425.0,24.839484696748443,53.72077438012226,1442.9608,53.72077438012226
107,1671.0,507.0,561.0,-1001.0,4.47213595499958,45.89940304622708,1053.3775999999998,45.89940304622708
108,684.0,1879.0,322.0,233.0,10.0,15.898326956003894,126.37840000000001,15.898326956003894
109,483.0,1177.0,-505.0,143.0,10.0,20.99424683097729,220.37919999999997,20.99424683097729
110,744.0,1604.0,-351.0,-324.0,11.180339887498949,19.107150493990464,182.54160000000002,19.107150493990464
111,794.0,1828.0,249.0,-71.0,25.0,10.356987979137564,53.6336,10.356987979137564
112,844.0,816.0,370.0,-34.0,9.848857801796104,14.862355129655596,110.4448,14.862355129655596
113,1087.0,1860.0,432.0,-104.0,8.54400374531753,17.773688418558482,157.95199999999997,17.773688418558482
114,792.0,1474.0,-1163.0,300.0,14.142135623730951,48.0427975871514,1154.0552,48.0427975871514
115,596.0,653.0,486.0,167.0,15.620499351813308,20.55568048010087,211.268,20.55568048010087
116,1356.0,1004.0,112.0,-56.0,5.385164807134504,5.008792269599529,12.544,5.008792269599529
117,1749.0,891.0,131.0,-53.0,1.0,5.65261001662064,15.975999999999997,5.65261001662064
118,803.0,1241.0,226.0,429.0,15.033296378372908,19.395545880433477,188.0936,19.395545880433477
119,539.0,727.0,270.0,629.0,13.0,27.380021913796927,374.83279999999996,27.380021913796927
120,1869.0,967.0,260.0,630.0,11.40175425099138,27.26169473822198,371.59999999999997,27.26169473822198
121,730.0,1367.0,-1067.0,-207.0,19.4164878389476,43.47574956225597,945.0704000000001,43.47574956225597
122,954.0,1744.0,-300.0,192.0,15.811388300841896,14.247189196469597,101.49119999999999,14.247189196469597
123,634.0,1214.0,-254.0,-108.0,14.035668847618199,11.040289851267493,60.944,11.040289851267493
124,665.0,1660.0,-334.0,173.0,21.470910553583888,15.045796755240314,113.18799999999997,15.045796755240314
125,1121.0,1867.0,200.0,731.0,13.038404810405298,30.31464332628705,459.4888,30.31464332628705
126,1325.0,1363.0,737.0,-486.0,4.123105625617661,35.31266061910374,623.492,35.31266061910374
127,799.0,1206.0,-311.0,-990.0,8.0,41.507994410715625,861.4567999999998,41.507994410715625
128,1538.0,577.0,-10.0,445.0,9.219544457292887,17.804493814764854,158.49999999999997,17.804493814764854
129,735.0,622.0,1098.0,-649.0,7.615773105863909,51.01850644619068,1301.444,51.01850644619068
130,872.0,1897.0,-869.0,194.0,3.1622776601683795,35.615659477258035,634.2376,35.615659477258035
131,1167.0,853.0,1325.0,-393.0,7.0710678118654755,55.28217072438455,1528.0592000000001,55.28217072438455
132,1390.0,1291.0,-103.0,-390.0,8.246211251235321,16.134881468421142,130.16719999999998,16.134881468421142
133,1584.0,499.0,-26.0,1039.0,7.211102550927978,41.57301047554772,864.1576000000001,41.57301047554772
134,708.0,1388.0,-190.0,280.0,7.0710678118654755,13.535139452550904,91.6,13.535139452550904
135,1428.0,1265.0,-717.0,-7.0,6.082762530298219,28.681366773569213,411.3104,28.681366773569213
136,717.0,1274.0,-41.0,-537.0,17.26267650163207,21.54251610188559,232.03999999999994,21.54251610188559
137,1150.0,1895.0,807.0,-699.0,11.40175425099138,42.70550315825819,911.8800000000001,42.70550315825819
138,695.0,1685.0,1140.0,-749.0,5.385164807134504,54.56153956772115,1488.4808000000003,54.56153956772115
139,601.0,1122.0,-285.0,-35.0,3.1622776601683795,11.485643212288982,65.96,11.485643212288982
140,670.0,1308.0,-577.0,-185.0,17.11724276862369,24.237293578285506,293.7231999999999,24.237293578285506
141,632.0,379.0,-2.0,7.0,7.280109889280518,0.29120439557122074,0.0424,0.29120439557122074
142,574.0,1487.0,-653.0,426.0,20.808652046684813,31.18679207613377,486.30800000000005,31.18679207613377
143,619.0,337.0,-307.0,-672.0,5.0,29.552204655490595,436.6664,29.552204655490595
144,680.0,1609.0,682.0,-472.0,3.1622776601683795,33.17608777417856,550.3264000000001,33.17608777417856
145,1695.0,311.0,810.0,363.0,5.830951894845301,35.50479404249516,630.2952,35.50479404249516
146,2035.0,736.0,-120.0,-170.0,14.7648230602334,8.323460818673926,34.64000000000001,8.323460818673926
147,1711.0,278.0,-74.0,301.0,7.0710678118654755,12.398516040236427,76.86159999999998,12.398516040236427
148,1580.0,1206.0,-194.0,206.0,13.038404810405298,11.31879852281151,64.05760000000002,11.31879852281151
149,925.0,1805.0,-997.0,940.0,6.082762530298219,54.81034938768407,1502.0871999999997,54.81034938768407
150,875.0,1337.0,-528.0,71.0,6.708203932499369,21.310091506138587,227.05999999999997,21.310091506138587
151,571.0,330.0,-1510.0,46.0,15.297058540778355,60.42801999072946,1825.7727999999997,60.42801999072946
152,1184.0,1605.0,-568.0,971.0,15.556349186104045,44.99715546565139,1012.3720000000003,44.99715546565139
153,560.0,360.0,-121.0,-694.0,3.1622776601683795,28.178772152100596,397.02160000000003,28.178772152100596
154,1177.0,1429.0,56.0,-752.0,12.041594578792296,30.163288945338834,454.912,30.163288945338834
155,1802.0,1221.0,-50.0,100.0,2.8284271247461903,4.47213595499958,10.000000000000002,4.47213595499958
156,1225.0,1563.0,595.0,-1483.0,2.8284271247461903,63.91637036002592,2042.6512000000002,63.91637036002592
157,2062.0,570.0,622.0,1450.0,18.384776310850235,63.11112738653937,1991.5072,63.11112738653937
158,1985.0,842.0,-734.0,698.0,9.055385138137417,40.515873432520245,820.7679999999999,40.515873432520245
159,1991.0,843.0,18.0,553.0,12.806248474865697,22.13171480025893,244.90640000000008,22.13171480025893
160,1216.0,1392.0,556.0,8.0,0.0,22.24230203913255,247.35999999999999,22.24230203913255
161,913.0,706.0,637.0,992.0,6.324555320336759,47.156471454085704,1111.8663999999999,47.156471454085704
162,470.0,1296.0,-19.0,171.0,20.12461179749811,6.882092704984436,23.681599999999996,6.882092704984436
163,570.0,1434.0,-37.0,-729.0,7.615773105863909,29.19753414245799,426.248,29.19753414245799
164,2068.0,466.0,-301.0,294.0,14.142135623730951,16.830305998406565,141.6296,16.830305998406565
165,1160.0,486.0,365.0,1187.0,17.804493814764857,49.67404151063209,1233.7551999999998,49.67404151063209
166,1010.0,770.0,-754.0,136.0,18.384776310850235,30.646683344205453,469.60959999999994,30.646683344205453
167,845.0,701.0,-1158.0,991.0,7.0710678118654755,60.96615454496044,1858.4360000000001,60.96615454496044
168,721.0,1345.0,-276.0,-1003.0,4.123105625617661,41.61124847922734,865.7479999999999,41.61124847922734
169,488.0,735.0,-120.0,368.0,4.47213595499958,15.48284211635577,119.8592,15.48284211635577
170,657.0,1187.0,106.0,123.0,14.422205101855956,6.494921092669256,21.092000000000002,6.494921092669256
171,600.0,858.0,621.0,260.0,9.899494936611665,26.929270320600963,362.59279999999995,26.929270320600963
172,1143.0,1798.0,58.0,-570.0,9.055385138137417,22.917731126793505,262.61119999999994,22.917731126793505
173,502.0,1522.0,-470.0,-966.0,18.384776310850235,42.970799387491034,923.2447999999999,42.970799387491034
174,1901.0,1251.0,802.0,-238.0,9.899494936611665,33.46276736912236,559.8784000000002,33.46276736912236
175,811.0,854.0,-455.0,-481.0,21.2602916254693,26.484289682753435,350.7088,26.484289682753435
176,481.0,1498.0,-736.0,1099.0,16.76305461424021,52.90742102956824,1399.5975999999998,52.90742102956824
177,1622.0,1069.0,1365.0,-470.0,3.605551275463989,57.74599553215789,1667.2999999999995,57.74599553215789
178,1196.0,484.0,-1263.0,136.0,14.035668847618199,50.81204581592833,1290.9319999999998,50.81204581592833
179,535.0,841.0,-1121.0,570.0,13.341664064126334,50.30373345985365,1265.2328,50.30373345985365
180,1985.0,1008.0,-420.0,-1013.0,5.656854249492381,43.86468283254764,962.0552,43.86468283254764
181,656.0,1274.0,380.0,-571.0,5.656854249492381,27.435480677400207,376.35280000000006,27.435480677400207
182,649.0,825.0,-764.0,-349.0,18.0,33.59754752954447,564.3975999999999,33.59754752954447
183,672.0,1272.0,-149.0,-1108.0,4.47213595499958,44.71894453137283,999.8919999999998,44.71894453137283
184,502.0,1426.0,65.0,-679.0,16.492422502470642,27.284163905093372,372.2128,27.284163905093372
185,1215.0,512.0,529.0,331.0,7.211102550927978,24.96083331942265,311.5216,24.96083331942265
186,814.0,1293.0,-226.0,657.0,4.123105625617661,27.79136556558529,386.17999999999995,27.79136556558529
187,1047.0,1837.0,-1327.0,871.0,12.649110640673518,63.49261374364738,2015.6560000000002,63.49261374364738
188,1679.0,952.0,264.0,-997.0,3.605551275463989,41.25443006514573,850.964,41.25443006514573
189,543.0,904.0,-856.0,346.0,20.615528128088304,36.93133087230949,681.9616,36.93133087230949
190,1954.0,911.0,-395.0,-579.0,8.94427190999916,28.036148094914893,393.01279999999997,28.036148094914893
191,768.0,715.0,-494.0,-902.0,4.47213595499958,41.13665032547011,846.112,41.13665032547011
192,575.0,1330.0,673.0,-937.0,7.280109889280518,46.145821045897534,1064.7184,46.145821045897534
193,890.0,761.0,-34.0,-1072.0,3.605551275463989,42.901561743134714,920.272,42.901561743134714
194,1266.0,978.0,230.0,1250.0,8.06225774829855,50.83935483461607,1292.32,50.83935483461607
195,1738.0,817.0,-319.0,148.0,14.560219778561036,14.0664138997827,98.93199999999999,14.0664138997827
196,1032.0,1782.0,1002.0,-437.0,8.246211251235321,43.72592823485855,955.9784000000001,43.72592823485855
197,794.0,661.0,6.0,4.0,7.211102550927978,0.2884441020371191,0.04159999999999999,0.2884441020371191
198,1974.0,513.0,-315.0,60.0,16.76305461424021,12.82653499585917,82.25999999999999,12.82653499585917
199,1878.0,1378.0,-402.0,524.0,9.433981132056603,26.41756991095131,348.944,26.41756991095131
200,630.0,954.0,323.0,-11.0,7.280109889280518,12.927490088953851,83.56000000000003,12.927490088953851
201,645.0,744.0,-81.0,718.0,18.681541692269406,28.902179848585817,417.66800000000006,28.902179848585817
202,1358.0,998.0,-416.0,-72.0,16.492422502470642,16.887391746507216,142.592,16.887391746507216
203,1938.0,553.0,-371.0,1175.0,19.235384061671343,49.28717480237633,1214.6127999999999,49.28717480237633
204,2015.0,1127.0,732.0,-181.0,10.04987562112089,30.161830183196777,454.86800000000005,30.161830183196777
205,1394.0,1002.0,-793.0,769.0,6.082762530298219,44.185246406464685,976.1680000000002,44.185246406464685
206,1728.0,1078.0,1086.0,351.0,4.123105625617661,45.65254866926928,1042.0776,45.65254866926928
207,1907.0,582.0,613.0,-112.0,13.892443989449804,24.9259062021825,310.6504,24.9259062021825
208,698.0,1270.0,180.0,855.0,19.235384061671343,34.94967811010568,610.74,34.94967811010568
209,768.0,849.0,68.0,-470.0,10.295630140987,18.99574689239673,180.41920000000005,18.99574689239673
210,1889.0,600.0,-57.0,-555.0,9.486832980505138,22.31677396040924,249.01919999999996,22.31677396040924
211,1607.0,932.0,318.0,-491.0,10.198039027185569,23.39931622932602,273.764,23.39931622932602
212,688.0,1234.0,480.0,-681.0,6.708203932499369,33.32652997238086,555.3287999999999,33.32652997238086
213,816.0,513.0,-131.0,-560.0,10.04987562112089,23.004729948425826,264.60880000000003,23.004729948425826
214,1266.0,1301.0,-101.0,726.0,10.04987562112089,29.31967257661654,429.8216,29.31967257661654
215,895.0,1891.0,618.0,-778.0,8.246211251235321,39.74333654840771,789.7664000000001,39.74333654840771
216,1365.0,1717.0,-948.0,56.0,19.313207915827967,37.9861027219166,721.472,37.9861027219166
217,1542.0,1022.0,-94.0,-186.0,5.830951894845301,8.336138194631852,34.745599999999996,8.336138194631852
218,1584.0,552.0,-530.0,-703.0,4.123105625617661,35.216109949851074,620.0871999999999,35.216109949851074
219,656.0,1177.0,580.0,-422.0,16.401219466856727,28.69101601547077,411.58720000000005,28.69101601547077
220,1615.0,537.0,416.0,-978.0,10.44030650891055,42.51192773798902,903.6320000000001,42.51192773798902
221,635.0,664.0,-694.0,1016.0,20.615528128088304,49.21612743806648,1211.1136000000001,49.21612743806648
222,2068.0,1331.0,-253.0,656.0,11.40175425099138,28.123868866142868,395.47600000000006,28.123868866142868
223,1789.0,679.0,-418.0,-34.0,18.027756377319946,16.775219819722185,140.704,16.775219819722185
224,636.0,657.0,925.0,155.0,1.0,37.51586331140468,703.7199999999998,37.51586331140468
225,636.0,655.0,270.0,-290.0,17.11724276862369,15.849290204927158,125.59999999999998,15.849290204927158
226,1107.0,1220.0,-307.0,-672.0,11.045361017187261,29.552204655490595,436.6664,29.552204655490595
227,1904.0,1222.0,-331.0,-209.0,11.40175425099138,15.658454585303112,122.59360000000002,15.658454585303112
228,792.0,513.0,73.0,-164.0,7.0710678118654755,7.180529228406496,25.779999999999998,7.180529228406496
229,1686.0,348.0,373.0,1080.0,21.02379604162864,45.70389917720368,1044.4231999999997,45.70389917720368
230,1681.0,365.0,-501.0,261.0,9.848857801796104,22.59635368815066,255.2976,22.59635368815066
231,1777.0,447.0,-924.0,-380.0,17.11724276862369,39.96350334993167,798.5407999999999,39.96350334993167
232,680.0,799.0,-375.0,-573.0,12.529964086141668,27.392086448461715,375.16319999999996,27.392086448461715
233,1464.0,633.0,-10.0,15.0,18.027756377319946,0.7211102550927978,0.25999999999999995,0.7211102550927978
234,1988.0,1280.0,-561.0,418.0,8.54400374531753,27.984138364437808,391.556,27.984138364437808
235,1399.0,1140.0,-539.0,-698.0,24.186773244895647,35.27548723972498,622.18,35.27548723972498
236,647.0,654.0,-1037.0,-70.0,9.219544457292887,41.57439596674857,864.2151999999999,41.57439596674857
237,489.0,744.0,-17.0,1034.0,10.0,41.365589564274316,855.5560000000002,41.365589564274316
238,1505.0,1554.0,37.0,265.0,15.0,10.702822057756544,57.27520000000001,10.702822057756544
239,1167.0,1494.0,926.0,-282.0,4.123105625617661,38.7195041290562,749.5999999999999,38.7195041290562
240,1399.0,1058.0,-241.0,357.0,3.1622776601683795,17.229277407947208,148.42400000000004,17.229277407947208
241,1191.0,1517.0,726.0,278.0,3.1622776601683795,31.096237714553187,483.488,31.096237714553187
242,865.0,624.0,35.0,-254.0,13.152946437965905,10.25600312012433,52.5928,10.25600312012433
243,1024.0,1855.0,-23.0,259.0,23.345235059857504,10.400769202323453,54.088000000000015,10.400769202323453
244,2092.0,1313.0,1547.0,548.0,11.40175425099138,65.64770216846892,2154.8104,65.64770216846892
245,1023.0,1882.0,-15.0,-584.0,21.37755832643195,23.36770420901463,273.0248,23.36770420901463
246,531.0,565.0,-1433.0,-540.0,5.830951894845301,61.25473369462968,1876.0712000000003,61.25473369462968
247,1450.0,1641.0,983.0,-1552.0,8.48528137423857,73.48461607710827,2699.9943999999996,73.48461607710827
248,664.0,784.0,-696.0,-1128.0,15.297058540778355,53.01773288249885,1405.4399999999998,53.01773288249885
249,546.0,497.0,-503.0,-1092.0,15.524174696260024,48.09113015931316,1156.3783999999998,48.09113015931316
250,473.0,1009.0,546.0,179.0,18.0,22.983715974576434,264.12559999999996,22.983715974576434
251,1715.0,1062.0,-987.0,-1109.0,16.1245154965971,59.38417297563384,1763.2400000000002,59.38417297563384
252,1269.0,503.0,-8.0,7.0,10.63014581273465,0.425205832509386,0.09040000000000001,0.425205832509386
253,2002.0,1747.0,694.0,-581.0,15.033296378372908,36.20380090542981,655.3576000000002,36.20380090542981
254,1619.0,1437.0,-151.0,34.0,22.47220505424423,6.191219589063208,19.1656,6.191219589063208
255,1355.0,1745.0,857.0,559.0,8.06225774829855,40.92783893635235,837.5439999999998,40.92783893635235
256,576.0,335.0,200.0,-206.0,11.180339887498949,11.484668040479011,65.9488,11.484668040479011
257,1397.0,793.0,977.0,-336.0,11.704699910719626,41.32650481228724,853.9400000000002,41.32650481228724
258,682.0,612.0,534.0,-247.0,10.198039027185569,23.534315371389074,276.932,23.534315371389074
259,515.0,929.0,827.0,456.0,10.04987562112089,37.775441757840504,713.4920000000001,37.775441757840504
260,584.0,288.0,-330.0,-1599.0,1.0,65.3078984503406,2132.5608,65.3078984503406
261,1476.0,658.0,-666.0,1158.0,2.23606797749979,53.43437096102096,1427.616,53.43437096102096
262,1576.0,724.0,237.0,96.0,2.8284271247461903,10.228196321932817,52.308,10.228196321932817
263,1573.0,723.0,-46.0,380.0,13.892443989449804,15.310963392288548,117.21280000000002,15.310963392288548
264,1375.0,730.0,790.0,383.0,19.0,35.11783592421378,616.6311999999999,35.11783592421378
265,1571.0,724.0,156.0,-61.0,15.524174696260024,6.700089551640336,22.445600000000002,6.700089551640336
266,1510.0,635.0,-68.0,381.0,8.06225774829855,15.480826851302227,119.82800000000002,15.480826851302227
267,2053.0,1113.0,1299.0,-1404.0,1.4142135623730951,76.51004639914945,2926.8936000000003,76.51004639914945
268,1750.0,1288.0,-372.0,-1051.0,1.4142135623730951,44.595694859481675,994.3880000000001,44.595694859481675
269,1618.0,1878.0,-538.0,-107.0,14.142135623730951,21.941485820244715,240.71439999999996,21.941485820244715
270,690.0,615.0,-362.0,-62.0,21.93171219946131,14.69084068390914,107.9104,14.69084068390914
271,753.0,953.0,-504.0,-598.0,22.090722034374522,31.28245514661533,489.296,31.28245514661533
272,1597.0,1544.0,-662.0,-832.0,20.024984394500787,42.52938748677201,904.3743999999998,42.52938748677201
273,1974.0,1111.0,518.0,532.0,19.1049731745428,29.701124557834504,441.07839999999993,29.701124557834504
274,1940.0,1715.0,149.0,-975.0,18.027756377319946,39.452776835097424,778.2608,39.452776835097424
275,1943.0,546.0,983.0,-195.0,8.94427190999916,40.08618714719573,803.4512000000001,40.08618714719573
276,565.0,767.0,494.0,705.0,23.021728866442675,34.433959981390466,592.8488,34.433959981390466
277,1919.0,1108.0,1224.0,483.0,2.23606797749979,52.63405741532758,1385.1720000000003,52.63405741532758
278,1936.0,1651.0,-191.0,-1268.0,1.4142135623730951,51.29218264024255,1315.4439999999997,51.29218264024255
279,843.0,999.0,-587.0,-424.0,7.810249675906654,28.964668132053575,419.47599999999994,28.964668132053575
280,578.0,741.0,-561.0,-135.0,7.211102550927978,23.080589247244102,266.3568,23.080589247244102
281,793.0,1677.0,403.0,-745.0,12.165525060596439,33.880590313629426,573.9472000000001,33.880590313629426
282,1653.0,1594.0,505.0,17.0,26.019223662515376,20.211442303804052,204.2512,20.211442303804052
283,593.0,762.0,1438.0,-379.0,12.083045973594572,59.48425001628582,1769.1879999999999,59.48425001628582
284,598.0,777.0,-902.0,436.0,23.706539182259394,40.073931676340415,802.9599999999998,40.073931676340415
285,538.0,622.0,-9.0,0.0,9.0,0.36,0.0648,0.36
286,1656.0,385.0,-252.0,1074.0,13.601470508735444,44.12672659511467,973.5840000000001,44.12672659511467
287,866.0,1891.0,-696.0,-808.0,9.848857801796104,42.65733231227663,909.824,42.65733231227663
288,632.0,1674.0,524.0,132.0,9.486832980505138,21.614809737770074,233.6,21.614809737770074
289,623.0,849.0,-225.0,-552.0,13.038404810405298,23.843791644786698,284.2632,23.843791644786698
290,1081.0,875.0,418.0,-566.0,23.345235059857504,28.144768608037975,396.0639999999999,28.144768608037975
291,1078.0,385.0,444.0,-1004.0,20.8806130178211,43.91176607698671,964.1216000000003,43.91176607698671
292,1840.0,1163.0,410.0,-152.0,27.073972741361768,17.490751842044983,152.96319999999997,17.490751842044983
293,670.0,730.0,174.0,288.0,5.656854249492381,13.459271897097553,90.57599999999998,13.459271897097553
294,1050.0,933.0,77.0,-510.0,6.082762530298219,20.631199674279728,212.82319999999996,20.631199674279728
295,491.0,633.0,1330.0,668.0,15.524174696260024,59.53317058581712,1772.0992000000003,59.53317058581712
296,584.0,1666.0,199.0,-540.0,7.280109889280518,23.02002606427716,264.9607999999999,23.02002606427716
297,481.0,512.0,-1425.0,357.0,15.132745950421556,58.7615384413989,1726.4592000000002,58.7615384413989
298,2068.0,437.0,-44.0,101.0,21.37755832643195,4.406722137825348,9.709600000000002,4.406722137825348
299,1644.0,1491.0,568.0,-349.0,13.038404810405298,26.666083326952986,355.54,26.666083326952986
300,1924.0,953.0,-199.0,-701.0,9.848857801796104,29.147953615991636,424.80159999999995,29.147953615991636
301,780.0,1650.0,-995.0,-578.0,26.248809496813376,46.0279741027128,1059.2872,46.0279741027128
302,532.0,1667.0,-208.0,-552.0,19.209372712298546,23.595524999456995,278.3744,23.595524999456995
303,1630.0,1354.0,-295.0,-1236.0,2.23606797749979,50.828669075630934,1291.7768000000003,50.828669075630934
304,1879.0,1150.0,432.0,426.0,5.0990195135927845,24.268498099388022,294.48,24.268498099388022
305,2038.0,534.0,161.0,543.0,26.419689627245813,22.654624252015306,256.61600000000004,22.654624252015306
306,778.0,1129.0,545.0,-389.0,13.038404810405298,26.783457581126456,358.6768000000001,26.783457581126456
307,1087.0,893.0,1002.0,-434.0,6.324555320336759,43.67809519656277,953.8879999999999,43.67809519656277
308,465.0,1662.0,333.0,-504.0,9.219544457292887,24.16294684015176,291.924,24.16294684015176
309,472.0,1662.0,-340.0,18.0,5.0990195135927845,13.619045487845321,92.7392,13.619045487845321
310,1741.0,303.0,597.0,-107.0,12.36931687685298,24.260519367894826,294.2864,24.260519367894826
311,491.0,1660.0,-1208.0,162.0,17.029386365926403,48.75256711189679,1188.4064,48.75256711189679
312,1558.0,1416.0,77.0,-124.0,10.63014581273465,5.838492956234511,17.043999999999997,5.838492956234511
313,1058.0,1037.0,180.0,183.0,20.0,10.267541088303469,52.71119999999999,10.267541088303469
314,1300.0,1376.0,552.0,-194.0,9.219544457292887,23.40393129369508,273.87199999999996,23.40393129369508
315,1063.0,1485.0,-377.0,-944.0,2.23606797749979,40.65985735341431,826.6119999999999,40.65985735341431
316,1806.0,719.0,-482.0,64.0,11.045361017187261,19.44921592249929,189.136,19.44921592249929
317,857.0,1639.0,-15.0,715.0,12.083045973594572,28.606293013950616,409.1599999999999,28.606293013950616
318,490.0,1690.0,348.0,652.0,13.038404810405298,29.562354439387942,436.96639999999996,29.562354439387942
319,870.0,1639.0,484.0,-122.0,4.123105625617661,19.965570365005853,199.31199999999995,19.965570365005853
320,501.0,1002.0,-1142.0,482.0,15.620499351813308,49.58206127219803,1229.1904,49.58206127219803
321,1015.0,1337.0,-45.0,-1041.0,6.0,41.678886741370626,868.5648000000001,41.678886741370626
322,1727.0,1484.0,1013.0,799.0,13.038404810405298,51.60728630726479,1331.6560000000002,51.60728630726479
323,1042.0,1358.0,93.0,-1286.0,13.45362404707371,51.57433470244672,1329.956,51.57433470244672
324,1334.0,877.0,-165.0,1122.0,12.165525060596439,45.362698332440495,1028.8872,45.362698332440495
325,807.0,543.0,1070.0,-838.0,6.082762530298219,54.363870355227654,1477.7152,54.363870355227654
326,1631.0,876.0,-968.0,798.0,20.518284528683193,50.18092067708602,1259.0623999999998,50.18092067708602
327,1401.0,1573.0,31.0,1024.0,13.341664064126334,40.978765232739754,839.6296000000002,40.978765232739754
328,1645.0,910.0,-1511.0,527.0,21.93171219946131,64.01062411818837,2048.68,64.01062411818837
329,2015.0,518.0,-1461.0,139.0,10.44030650891055,58.70389424901895,1723.0736000000002,58.70389424901895
330,1129.0,1827.0,-390.0,475.0,18.439088914585774,24.583734460004237,302.1799999999999,24.583734460004237
331,1873.0,1731.0,401.0,-439.0,18.439088914585774,23.783086427122953,282.8176,23.783086427122953
332,1967.0,718.0,-50.0,-972.0,9.055385138137417,38.93140634500634,757.8271999999998,38.93140634500634
333,1897.0,1265.0,-604.0,310.0,21.587033144922902,27.15631786527769,368.7328000000001,27.15631786527769
334,615.0,1372.0,-143.0,-251.0,11.180339887498949,11.555085460523431,66.75999999999999,11.555085460523431
335,617.0,1360.0,-122.0,-99.0,13.416407864998739,6.284584314017913,19.748,6.284584314017913
336,785.0,1430.0,996.0,125.0,11.40175425099138,40.152529185594275,806.1128,40.152529185594275
337,1891.0,586.0,707.0,641.0,8.06225774829855,38.17286994712344,728.5839999999998,38.17286994712344
338,1043.0,572.0,853.0,-476.0,11.40175425099138,39.072957400227594,763.3480000000002,39.072957400227594
339,2084.0,453.0,-1126.0,-303.0,8.06225774829855,46.642212640482654,1087.748,46.642212640482654
340,1169.0,1058.0,676.0,250.0,11.704699910719626,28.82987339549031,415.5808,28.82987339549031
341,1387.0,1087.0,512.0,59.0,11.704699910719626,20.615528128088304,212.50000000000003,20.615528128088304
342,1896.0,529.0,681.0,-1458.0,11.40175425099138,64.36800447427278,2071.6200000000003,64.36800447427278
343,1731.0,1295.0,279.0,-349.0,19.4164878389476,17.872526402274524,159.71359999999996,17.872526402274524
344,653.0,1255.0,-743.0,159.0,6.4031242374328485,30.392893906306455,461.86400000000003,30.392893906306455
345,1027.0,1683.0,-828.0,-192.0,18.681541692269406,33.99877644857238,577.9583999999999,33.99877644857238
346,2086.0,1829.0,-129.0,-91.0,25.0,6.314681306289336,19.9376,6.314681306289336
347,1716.0,1512.0,530.0,-399.0,10.44030650891055,26.536043412686826,352.08079999999995,26.536043412686826
348,2054.0,492.0,7.0,3.0,7.615773105863909,0.30463092423455634,0.046400000000000004,0.30463092423455634
349,943.0,1853.0,11.0,350.0,6.4031242374328485,14.006912579151766,98.09679999999999,14.006912579151766
350,1290.0,571.0,176.0,552.0,21.0,23.17515911487988,268.544,23.17515911487988
351,1312.0,568.0,539.0,-552.0,10.198039027185569,30.860330523181375,476.18,30.860330523181375
352,2046.0,517.0,590.0,836.0,8.06225774829855,40.929128991465234,837.5967999999999,40.929128991465234
353,584.0,777.0,-1035.0,166.0,8.06225774829855,41.92910206527203,879.0247999999998,41.92910206527203
354,1385.0,925.0,-213.0,442.0,8.54400374531753,19.625819728103078,192.5864,19.625819728103078
355,1386.0,1493.0,-1052.0,1443.0,10.770329614269007,71.43055928662466,2551.1624,71.43055928662466
356,985.0,1836.0,58.0,259.0,13.601470508735444,10.616590789891074,56.35599999999999,10.616590789891074
357,1497.0,1412.0,-1391.0,-425.0,18.788294228055936,58.1791165281839,1692.4048000000003,58.1791165281839
358,1730.0,872.0,-470.0,-248.0,11.045361017187261,21.2566789503911,225.9232,21.2566789503911
359,554.0,758.0,735.0,-1163.0,11.180339887498949,55.03154004750367,1514.2352,55.03154004750367
360,1203.0,1884.0,500.0,-407.0,4.123105625617661,25.788338449772212,332.5191999999999,25.788338449772212
361,1965.0,1706.0,-1427.0,-791.0,15.652475842498529,65.2626692681199,2129.608,65.2626692681199
362,1736.0,1446.0,-50.0,-385.0,12.041594578792296,15.529327094243332,120.58000000000003,15.529327094243332
363,876.0,1841.0,-996.0,-249.0,17.0,41.0661320311519,843.2136000000002,41.0661320311519
364,1639.0,904.0,1220.0,-461.0,14.866068747318506,52.16774482378934,1360.7368,52.16774482378934
365,1018.0,1830.0,259.0,-264.0,7.0710678118654755,14.793349857283847,109.4216,14.793349857283847
366,2030.0,624.0,309.0,552.0,19.72308292331602,25.30407081874377,320.148,25.30407081874377
367,1022.0,1832.0,-365.0,-1121.0,9.219544457292887,47.15703128908773,1111.8927999999999,47.15703128908773
368,1966.0,1788.0,333.0,366.0,27.313000567495326,19.792725936565684,195.87599999999998,19.792725936565684
369,488.0,874.0,-42.0,136.0,3.1622776601683795,5.693505071570587,16.207999999999995,5.693505071570587
370,1486.0,1159.0,-1169.0,688.0,10.63014581273465,54.25723914833854,1471.9240000000002,54.25723914833854
371,2088.0,1466.0,1022.0,-1544.0,5.0,74.0639723482342,2742.7360000000003,74.0639723482342
372,647.0,1315.0,1065.0,779.0,2.23606797749979,52.779784008652406,1392.8528000000001,52.779784008652406
373,1607.0,1519.0,554.0,-1347.0,11.313708498984761,58.25907654606276,1697.06,58.25907654606276
374,1985.0,1866.0,256.0,1081.0,18.027756377319946,44.43596741379668,987.2776000000003,44.43596741379668
375,887.0,1889.0,1105.0,483.0,16.97056274847714,48.237976740323596,1163.4512000000002,48.237976740323596
376,1503.0,1655.0,175.0,-1255.0,10.198039027185569,50.685698180058644,1284.52,50.685698180058644
377,1807.0,343.0,-532.0,-740.0,9.899494936611665,36.45543032251848,664.4992,36.45543032251848
378,627.0,865.0,1015.0,-643.0,15.620499351813308,48.0611943255679,1154.9391999999998,48.0611943255679
379,1994.0,1402.0,-832.0,1429.0,17.029386365926403,66.14245232828912,2187.412,66.14245232828912
380,1816.0,1393.0,-1203.0,-659.0,9.055385138137417,54.86696638233246,1505.192,54.86696638233246
381,819.0,1886.0,10.0,10.0,14.142135623730951,0.565685424949238,0.16,0.565685424949238
382,1772.0,1869.0,-846.0,1469.0,16.64331697709324,67.80769277891706,2298.9416,67.80769277891706
383,1948.0,1367.0,349.0,-186.0,11.045361017187261,15.818824229379375,125.1176,15.818824229379375
384,844.0,607.0,-860.0,180.0,15.231546211727817,35.14541221838208,617.6000000000001,35.14541221838208
385,1668.0,1740.0,1348.0,-602.0,17.26267650163207,59.05262737592629,1743.6063999999997,59.05262737592629
386,762.0,1887.0,288.0,223.0,13.416407864998739,14.569722028920111,106.13839999999998,14.569722028920111
387,2062.0,767.0,33.0,-633.0,15.297058540778355,25.354384236261787,321.4224000000001,25.354384236261787
388,1782.0,690.0,3.0,-11.0,11.40175425099138,0.45607017003965516,0.10399999999999998,0.45607017003965516
389,728.0,1888.0,1095.0,-726.0,14.317821063276353,52.55246521334656,1380.8808000000001,52.55246521334656
390,1759.0,1852.0,666.0,44.0,9.0,26.69807483696156,356.3936,26.69807483696156
391,1016.0,1715.0,269.0,-1319.0,10.0,53.84603235151128,1449.6976,53.84603235151128
392,2090.0,803.0,1227.0,-402.0,9.219544457292887,51.64700184909091,1333.7064,51.64700184909091
393,1800.0,641.0,-40.0,-201.0,3.1622776601683795,8.197658202194088,33.6008,8.197658202194088
394,795.0,1541.0,265.0,843.0,2.0,35.346830126618144,624.6992,35.346830126618144
395,1961.0,527.0,-1.0,610.0,8.246211251235321,24.400032786863218,297.6808,24.400032786863218
396,1015.0,1660.0,-13.0,300.0,9.848857801796104,12.011261382552625,72.1352,12.011261382552625
397,2037.0,1546.0,87.0,-359.0,3.0,14.775655653811102,109.15999999999998,14.775655653811102
398,2059.0,835.0,540.0,464.0,10.295630140987,28.47865165347545,405.5168,28.47865165347545
399,1150.0,1467.0,-858.0,-55.0,7.211102550927978,34.390440532217674,591.3512000000002,34.390440532217674
